{"serverGetPoint_loss":0.39906224608421326,"pointId_f1_point":0.17004981637001038,"pointId_loss":0.3522244393825531,"val_serverGetPoint_loss":0.4042223393917084,"val_pointId_accuracy":0.29651132225990295,"val_pointId_f1_point":0.15944665670394897,"actionId_f1_action":0.21253958344459534,"val_actionId_f1_action":0.20936810970306396,"actionId_accuracy":0.3778979182243347,"pointId_accuracy":0.29270145297050476,"loss":1.090293288230896,"val_serverGetPoint_auc_server":0.887783408164978,"val_loss":1.0872588157653809,"serverGetPoint_accuracy":0.7900581955909729,"val_serverGetPoint_accuracy":0.7836484909057617,"_runtime":173,"serverGetPoint_auc_server":0.8909740447998047,"_timestamp":1.7619974717870977e+09,"val_pointId_loss":0.3493438959121704,"val_actionId_accuracy":0.3879094421863556,"val_actionId_loss":0.3341720998287201,"final_val_f1_point":0.15944665670394897,"_wandb":{"runtime":173},"_step":9,"final_val_f1_action":0.20936810970306396,"actionId_loss":0.3389841914176941,"final_val_auc_server":0.887783408164978}