{"val_loss":1.1079741716384888,"actionId_f1_action":0.2135060727596283,"pointId_loss":0.3521876633167267,"final_val_f1_action":0.20988771319389343,"serverGetPoint_loss":0.4163174331188202,"serverGetPoint_auc_server":0.879887044429779,"loss":1.1066868305206299,"_timestamp":1.7619982409042041e+09,"val_serverGetPoint_accuracy":0.7710253000259399,"pointId_accuracy":0.29256826639175415,"serverGetPoint_accuracy":0.7777940630912781,"final_val_f1_point":0.14990903437137604,"val_actionId_loss":0.333739310503006,"actionId_loss":0.33815574645996094,"val_actionId_f1_action":0.20988771319389343,"_runtime":127,"val_pointId_f1_point":0.14990903437137604,"_wandb":{"runtime":127},"actionId_accuracy":0.37885668873786926,"final_val_auc_server":0.8736733794212341,"val_pointId_accuracy":0.2927297055721283,"val_pointId_loss":0.3506135940551758,"val_serverGetPoint_loss":0.4239189326763153,"pointId_f1_point":0.16871464252471924,"val_actionId_accuracy":0.3840213119983673,"val_serverGetPoint_auc_server":0.8736733794212341,"_step":9}