{"final_val_f1_point":0.16575700044631958,"final_val_auc_server":0.8829849362373352,"_wandb":{"runtime":206},"_runtime":206,"final_val_f1_action":0.20686864852905273}