{"val_actionId_loss":1.7822637557983398,"val_loss":4.076572418212891,"val_serverGetPoint_accuracy":0.7823169231414795,"serverGetPoint_loss":0.39268729090690613,"_wandb":{"runtime":322},"loss":3.967038869857788,"val_pointId_loss":1.8823342323303223,"actionId_f1_action":0.22633150219917297,"_step":19,"val_serverGetPoint_auc_server":0.8831424713134766,"val_actionId_f1_action":0.2084766924381256,"val_actionId_accuracy":0.3884420692920685,"final_val_f1_point":0.16727925837039948,"actionId_loss":1.724665880203247,"serverGetPoint_auc_server":0.8940299153327942,"final_val_auc_server":0.8831424713134766,"val_serverGetPoint_loss":0.41309237480163574,"pointId_loss":1.8495068550109863,"final_val_f1_action":0.2084766924381256,"_runtime":322,"val_pointId_f1_point":0.16727925837039948,"actionId_accuracy":0.40618133544921875,"pointId_f1_point":0.18796563148498535,"_timestamp":1.7619925163851435e+09,"val_pointId_accuracy":0.2972569763660431,"serverGetPoint_accuracy":0.7908837795257568,"pointId_accuracy":0.31033197045326233}