{"loss":1.094784140586853,"_runtime":170,"_step":9,"serverGetPoint_accuracy":0.7851045727729797,"pointId_accuracy":0.29509833455085754,"pointId_f1_point":0.1713772416114807,"_timestamp":1.7619968027728348e+09,"val_serverGetPoint_accuracy":0.7834886908531189,"val_actionId_accuracy":0.384500652551651,"actionId_loss":0.3389497697353363,"actionId_accuracy":0.37843057513237,"val_pointId_f1_point":0.16797637939453125,"val_pointId_accuracy":0.29416778683662415,"final_val_f1_action":0.21252092719078064,"val_serverGetPoint_auc_server":0.8866726756095886,"final_val_f1_point":0.16797637939453125,"serverGetPoint_loss":0.4040984511375427,"val_actionId_loss":0.3333912491798401,"_wandb":{"runtime":170},"val_pointId_loss":0.3488469421863556,"pointId_loss":0.35167574882507324,"val_loss":1.0866085290908813,"val_serverGetPoint_loss":0.40457409620285034,"serverGetPoint_auc_server":0.8875002861022949,"actionId_f1_action":0.21180880069732666,"val_actionId_f1_action":0.21252092719078064,"final_val_auc_server":0.8866726756095886}