{"val_serverGetPoint_accuracy":0.7874833345413208,"serverGetPoint_accuracy":0.8155718445777893,"pointId_loss":0.34566357731819153,"_timestamp":1.761996070028548e+09,"final_val_auc_server":0.8932816386222839,"_step":19,"pointId_accuracy":0.3011172115802765,"loss":1.0179766416549683,"val_serverGetPoint_auc_server":0.8932816386222839,"actionId_accuracy":0.39034849405288696,"val_actionId_accuracy":0.3904127776622772,"actionId_f1_action":0.22189560532569885,"actionId_loss":0.32626739144325256,"pointId_f1_point":0.18214525282382965,"val_serverGetPoint_loss":0.40557509660720825,"_runtime":332,"val_actionId_loss":0.32856932282447815,"serverGetPoint_auc_server":0.9177814722061157,"val_loss":1.0808277130126953,"val_pointId_f1_point":0.16073641180992126,"final_val_f1_action":0.21047906577587128,"val_pointId_accuracy":0.29704394936561584,"final_val_f1_point":0.16073641180992126,"serverGetPoint_loss":0.3460019528865814,"val_pointId_loss":0.34714558720588684,"_wandb":{"runtime":332},"val_actionId_f1_action":0.21047906577587128}