{"val_serverGetPoint_accuracy":0.7485486268997192,"serverGetPoint_auc_server":0.844001293182373,"val_actionId_loss":1.8284600973129272,"serverGetPoint_accuracy":0.7468208074569702,"pointId_accuracy":0.2897985279560089,"val_serverGetPoint_loss":0.4639910161495209,"val_pointId_f1_point":0.15327049791812897,"loss":4.230136394500732,"_step":5,"pointId_loss":1.9124770164489746,"_timestamp":1.7619921556202652e+09,"val_actionId_f1_action":0.19373729825019836,"val_actionId_accuracy":0.37837550044059753,"_runtime":112,"val_pointId_accuracy":0.2926764190196991,"actionId_loss":1.8466464281082153,"actionId_accuracy":0.37361013889312744,"val_pointId_loss":1.9059460163116455,"val_serverGetPoint_auc_server":0.8474669456481934,"pointId_f1_point":0.158979132771492,"serverGetPoint_loss":0.47105082869529724,"actionId_f1_action":0.19517789781093597,"_wandb":{"runtime":112},"val_loss":4.197917938232422}